"TIME","GEO","S_ADJ","P_ADJ","INDIC","Value","Flag and Footnotes"
"1993M01","Sweden","Unadjusted data (i.e. neither seasonally adjusted nor calendar adjusted data)","Not applicable","3-month interest rates (average)","10.44",""
"1993M02","Sweden","Unadjusted data (i.e. neither seasonally adjusted nor calendar adjusted data)","Not applicable","3-month interest rates (average)","9.89",""
"1993M03","Sweden","Unadjusted data (i.e. neither seasonally adjusted nor calendar adjusted data)","Not applicable","3-month interest rates (average)","9.87",""
"1993M04","Sweden","Unadjusted data (i.e. neither seasonally adjusted nor calendar adjusted data)","Not applicable","3-month interest rates (average)","9.81",""
"1993M05","Sweden","Unadjusted data (i.e. neither seasonally adjusted nor calendar adjusted data)","Not applicable","3-month interest rates (average)","8.94",""
"1993M06","Sweden","Unadjusted data (i.e. neither seasonally adjusted nor calendar adjusted data)","Not applicable","3-month interest rates (average)","8.60",""
"1993M07","Sweden","Unadjusted data (i.e. neither seasonally adjusted nor calendar adjusted data)","Not applicable","3-month interest rates (average)","8.58",""
"1993M08","Sweden","Unadjusted data (i.e. neither seasonally adjusted nor calendar adjusted data)","Not applicable","3-month interest rates (average)","7.97",""
"1993M09","Sweden","Unadjusted data (i.e. neither seasonally adjusted nor calendar adjusted data)","Not applicable","3-month interest rates (average)","7.95",""
"1993M10","Sweden","Unadjusted data (i.e. neither seasonally adjusted nor calendar adjusted data)","Not applicable","3-month interest rates (average)","7.85",""
"1993M11","Sweden","Unadjusted data (i.e. neither seasonally adjusted nor calendar adjusted data)","Not applicable","3-month interest rates (average)","7.63",""
"1993M12","Sweden","Unadjusted data (i.e. neither seasonally adjusted nor calendar adjusted data)","Not applicable","3-month interest rates (average)","7.58",""
"1994M01","Sweden","Unadjusted data (i.e. neither seasonally adjusted nor calendar adjusted data)","Not applicable","3-month interest rates (average)","7.53",""
"1994M02","Sweden","Unadjusted data (i.e. neither seasonally adjusted nor calendar adjusted data)","Not applicable","3-month interest rates (average)","7.44",""
"1994M03","Sweden","Unadjusted data (i.e. neither seasonally adjusted nor calendar adjusted data)","Not applicable","3-month interest rates (average)","7.30",""
"1994M04","Sweden","Unadjusted data (i.e. neither seasonally adjusted nor calendar adjusted data)","Not applicable","3-month interest rates (average)","7.34",""
"1994M05","Sweden","Unadjusted data (i.e. neither seasonally adjusted nor calendar adjusted data)","Not applicable","3-month interest rates (average)","7.16",""
"1994M06","Sweden","Unadjusted data (i.e. neither seasonally adjusted nor calendar adjusted data)","Not applicable","3-month interest rates (average)","7.15",""
"1994M07","Sweden","Unadjusted data (i.e. neither seasonally adjusted nor calendar adjusted data)","Not applicable","3-month interest rates (average)","7.63",""
"1994M08","Sweden","Unadjusted data (i.e. neither seasonally adjusted nor calendar adjusted data)","Not applicable","3-month interest rates (average)","7.96",""
"1994M09","Sweden","Unadjusted data (i.e. neither seasonally adjusted nor calendar adjusted data)","Not applicable","3-month interest rates (average)","8.02",""
"1994M10","Sweden","Unadjusted data (i.e. neither seasonally adjusted nor calendar adjusted data)","Not applicable","3-month interest rates (average)","8.14",""
"1994M11","Sweden","Unadjusted data (i.e. neither seasonally adjusted nor calendar adjusted data)","Not applicable","3-month interest rates (average)","8.17",""
"1994M12","Sweden","Unadjusted data (i.e. neither seasonally adjusted nor calendar adjusted data)","Not applicable","3-month interest rates (average)","8.20",""
"1995M01","Sweden","Unadjusted data (i.e. neither seasonally adjusted nor calendar adjusted data)","Not applicable","3-month interest rates (average)","8.22",""
"1995M02","Sweden","Unadjusted data (i.e. neither seasonally adjusted nor calendar adjusted data)","Not applicable","3-month interest rates (average)","8.12",""
"1995M03","Sweden","Unadjusted data (i.e. neither seasonally adjusted nor calendar adjusted data)","Not applicable","3-month interest rates (average)","8.75",""
"1995M04","Sweden","Unadjusted data (i.e. neither seasonally adjusted nor calendar adjusted data)","Not applicable","3-month interest rates (average)","8.91",""
"1995M05","Sweden","Unadjusted data (i.e. neither seasonally adjusted nor calendar adjusted data)","Not applicable","3-month interest rates (average)","8.79",""
"1995M06","Sweden","Unadjusted data (i.e. neither seasonally adjusted nor calendar adjusted data)","Not applicable","3-month interest rates (average)","9.15",""
"1995M07","Sweden","Unadjusted data (i.e. neither seasonally adjusted nor calendar adjusted data)","Not applicable","3-month interest rates (average)","9.28",""
"1995M08","Sweden","Unadjusted data (i.e. neither seasonally adjusted nor calendar adjusted data)","Not applicable","3-month interest rates (average)","9.17",""
"1995M09","Sweden","Unadjusted data (i.e. neither seasonally adjusted nor calendar adjusted data)","Not applicable","3-month interest rates (average)","9.04",""
"1995M10","Sweden","Unadjusted data (i.e. neither seasonally adjusted nor calendar adjusted data)","Not applicable","3-month interest rates (average)","8.93",""
"1995M11","Sweden","Unadjusted data (i.e. neither seasonally adjusted nor calendar adjusted data)","Not applicable","3-month interest rates (average)","8.82",""
"1995M12","Sweden","Unadjusted data (i.e. neither seasonally adjusted nor calendar adjusted data)","Not applicable","3-month interest rates (average)","8.72",""
"1996M01","Sweden","Unadjusted data (i.e. neither seasonally adjusted nor calendar adjusted data)","Not applicable","3-month interest rates (average)","8.41",""
"1996M02","Sweden","Unadjusted data (i.e. neither seasonally adjusted nor calendar adjusted data)","Not applicable","3-month interest rates (average)","8.04",""
"1996M03","Sweden","Unadjusted data (i.e. neither seasonally adjusted nor calendar adjusted data)","Not applicable","3-month interest rates (average)","7.29",""
"1996M04","Sweden","Unadjusted data (i.e. neither seasonally adjusted nor calendar adjusted data)","Not applicable","3-month interest rates (average)","6.57",""
"1996M05","Sweden","Unadjusted data (i.e. neither seasonally adjusted nor calendar adjusted data)","Not applicable","3-month interest rates (average)","6.34",""
"1996M06","Sweden","Unadjusted data (i.e. neither seasonally adjusted nor calendar adjusted data)","Not applicable","3-month interest rates (average)","5.99",""
"1996M07","Sweden","Unadjusted data (i.e. neither seasonally adjusted nor calendar adjusted data)","Not applicable","3-month interest rates (average)","5.66",""
"1996M08","Sweden","Unadjusted data (i.e. neither seasonally adjusted nor calendar adjusted data)","Not applicable","3-month interest rates (average)","5.36",""
"1996M09","Sweden","Unadjusted data (i.e. neither seasonally adjusted nor calendar adjusted data)","Not applicable","3-month interest rates (average)","5.01",""
"1996M10","Sweden","Unadjusted data (i.e. neither seasonally adjusted nor calendar adjusted data)","Not applicable","3-month interest rates (average)","4.77",""
"1996M11","Sweden","Unadjusted data (i.e. neither seasonally adjusted nor calendar adjusted data)","Not applicable","3-month interest rates (average)","4.64",""
"1996M12","Sweden","Unadjusted data (i.e. neither seasonally adjusted nor calendar adjusted data)","Not applicable","3-month interest rates (average)","4.17",""
"1997M01","Sweden","Unadjusted data (i.e. neither seasonally adjusted nor calendar adjusted data)","Not applicable","3-month interest rates (average)","4.04",""
"1997M02","Sweden","Unadjusted data (i.e. neither seasonally adjusted nor calendar adjusted data)","Not applicable","3-month interest rates (average)","4.22",""
"1997M03","Sweden","Unadjusted data (i.e. neither seasonally adjusted nor calendar adjusted data)","Not applicable","3-month interest rates (average)","4.35",""
"1997M04","Sweden","Unadjusted data (i.e. neither seasonally adjusted nor calendar adjusted data)","Not applicable","3-month interest rates (average)","4.30",""
"1997M05","Sweden","Unadjusted data (i.e. neither seasonally adjusted nor calendar adjusted data)","Not applicable","3-month interest rates (average)","4.33",""
"1997M06","Sweden","Unadjusted data (i.e. neither seasonally adjusted nor calendar adjusted data)","Not applicable","3-month interest rates (average)","4.37",""
"1997M07","Sweden","Unadjusted data (i.e. neither seasonally adjusted nor calendar adjusted data)","Not applicable","3-month interest rates (average)","4.43",""
"1997M08","Sweden","Unadjusted data (i.e. neither seasonally adjusted nor calendar adjusted data)","Not applicable","3-month interest rates (average)","4.50",""
"1997M09","Sweden","Unadjusted data (i.e. neither seasonally adjusted nor calendar adjusted data)","Not applicable","3-month interest rates (average)","4.49",""
"1997M10","Sweden","Unadjusted data (i.e. neither seasonally adjusted nor calendar adjusted data)","Not applicable","3-month interest rates (average)","4.58",""
"1997M11","Sweden","Unadjusted data (i.e. neither seasonally adjusted nor calendar adjusted data)","Not applicable","3-month interest rates (average)","4.69",""
"1997M12","Sweden","Unadjusted data (i.e. neither seasonally adjusted nor calendar adjusted data)","Not applicable","3-month interest rates (average)","4.83",""
"1998M01","Sweden","Unadjusted data (i.e. neither seasonally adjusted nor calendar adjusted data)","Not applicable","3-month interest rates (average)","4.78",""
"1998M02","Sweden","Unadjusted data (i.e. neither seasonally adjusted nor calendar adjusted data)","Not applicable","3-month interest rates (average)","4.71",""
"1998M03","Sweden","Unadjusted data (i.e. neither seasonally adjusted nor calendar adjusted data)","Not applicable","3-month interest rates (average)","4.63",""
"1998M04","Sweden","Unadjusted data (i.e. neither seasonally adjusted nor calendar adjusted data)","Not applicable","3-month interest rates (average)","4.61",""
"1998M05","Sweden","Unadjusted data (i.e. neither seasonally adjusted nor calendar adjusted data)","Not applicable","3-month interest rates (average)","4.63",""
"1998M06","Sweden","Unadjusted data (i.e. neither seasonally adjusted nor calendar adjusted data)","Not applicable","3-month interest rates (average)","4.37",""
"1998M07","Sweden","Unadjusted data (i.e. neither seasonally adjusted nor calendar adjusted data)","Not applicable","3-month interest rates (average)","4.24",""
"1998M08","Sweden","Unadjusted data (i.e. neither seasonally adjusted nor calendar adjusted data)","Not applicable","3-month interest rates (average)","4.32",""
"1998M09","Sweden","Unadjusted data (i.e. neither seasonally adjusted nor calendar adjusted data)","Not applicable","3-month interest rates (average)","4.31",""
"1998M10","Sweden","Unadjusted data (i.e. neither seasonally adjusted nor calendar adjusted data)","Not applicable","3-month interest rates (average)","4.27",""
"1998M11","Sweden","Unadjusted data (i.e. neither seasonally adjusted nor calendar adjusted data)","Not applicable","3-month interest rates (average)","3.90",""
"1998M12","Sweden","Unadjusted data (i.e. neither seasonally adjusted nor calendar adjusted data)","Not applicable","3-month interest rates (average)","3.60",""
"1999M01","Sweden","Unadjusted data (i.e. neither seasonally adjusted nor calendar adjusted data)","Not applicable","3-month interest rates (average)","3.44",""
"1999M02","Sweden","Unadjusted data (i.e. neither seasonally adjusted nor calendar adjusted data)","Not applicable","3-month interest rates (average)","3.31",""
"1999M03","Sweden","Unadjusted data (i.e. neither seasonally adjusted nor calendar adjusted data)","Not applicable","3-month interest rates (average)","3.23",""
"1999M04","Sweden","Unadjusted data (i.e. neither seasonally adjusted nor calendar adjusted data)","Not applicable","3-month interest rates (average)","2.99",""
"1999M05","Sweden","Unadjusted data (i.e. neither seasonally adjusted nor calendar adjusted data)","Not applicable","3-month interest rates (average)","3.11",""
"1999M06","Sweden","Unadjusted data (i.e. neither seasonally adjusted nor calendar adjusted data)","Not applicable","3-month interest rates (average)","3.12",""
"1999M07","Sweden","Unadjusted data (i.e. neither seasonally adjusted nor calendar adjusted data)","Not applicable","3-month interest rates (average)","3.23",""
"1999M08","Sweden","Unadjusted data (i.e. neither seasonally adjusted nor calendar adjusted data)","Not applicable","3-month interest rates (average)","3.25",""
"1999M09","Sweden","Unadjusted data (i.e. neither seasonally adjusted nor calendar adjusted data)","Not applicable","3-month interest rates (average)","3.22",""
"1999M10","Sweden","Unadjusted data (i.e. neither seasonally adjusted nor calendar adjusted data)","Not applicable","3-month interest rates (average)","3.74",""
"1999M11","Sweden","Unadjusted data (i.e. neither seasonally adjusted nor calendar adjusted data)","Not applicable","3-month interest rates (average)","3.71",""
"1999M12","Sweden","Unadjusted data (i.e. neither seasonally adjusted nor calendar adjusted data)","Not applicable","3-month interest rates (average)","3.63",""
"2000M01","Sweden","Unadjusted data (i.e. neither seasonally adjusted nor calendar adjusted data)","Not applicable","3-month interest rates (average)","3.70",""
"2000M02","Sweden","Unadjusted data (i.e. neither seasonally adjusted nor calendar adjusted data)","Not applicable","3-month interest rates (average)","4.10",""
"2000M03","Sweden","Unadjusted data (i.e. neither seasonally adjusted nor calendar adjusted data)","Not applicable","3-month interest rates (average)","4.15",""
"2000M04","Sweden","Unadjusted data (i.e. neither seasonally adjusted nor calendar adjusted data)","Not applicable","3-month interest rates (average)","4.12",""
"2000M05","Sweden","Unadjusted data (i.e. neither seasonally adjusted nor calendar adjusted data)","Not applicable","3-month interest rates (average)","4.09",""
"2000M06","Sweden","Unadjusted data (i.e. neither seasonally adjusted nor calendar adjusted data)","Not applicable","3-month interest rates (average)","4.04",""
"2000M07","Sweden","Unadjusted data (i.e. neither seasonally adjusted nor calendar adjusted data)","Not applicable","3-month interest rates (average)","4.19",""
"2000M08","Sweden","Unadjusted data (i.e. neither seasonally adjusted nor calendar adjusted data)","Not applicable","3-month interest rates (average)","4.11",""
"2000M09","Sweden","Unadjusted data (i.e. neither seasonally adjusted nor calendar adjusted data)","Not applicable","3-month interest rates (average)","4.07",""
"2000M10","Sweden","Unadjusted data (i.e. neither seasonally adjusted nor calendar adjusted data)","Not applicable","3-month interest rates (average)","4.02",""
"2000M11","Sweden","Unadjusted data (i.e. neither seasonally adjusted nor calendar adjusted data)","Not applicable","3-month interest rates (average)","4.03",""
"2000M12","Sweden","Unadjusted data (i.e. neither seasonally adjusted nor calendar adjusted data)","Not applicable","3-month interest rates (average)","4.14",""
"2001M01","Sweden","Unadjusted data (i.e. neither seasonally adjusted nor calendar adjusted data)","Not applicable","3-month interest rates (average)","4.14",""
"2001M02","Sweden","Unadjusted data (i.e. neither seasonally adjusted nor calendar adjusted data)","Not applicable","3-month interest rates (average)","4.13",""
"2001M03","Sweden","Unadjusted data (i.e. neither seasonally adjusted nor calendar adjusted data)","Not applicable","3-month interest rates (average)","4.09",""
"2001M04","Sweden","Unadjusted data (i.e. neither seasonally adjusted nor calendar adjusted data)","Not applicable","3-month interest rates (average)","4.07",""
"2001M05","Sweden","Unadjusted data (i.e. neither seasonally adjusted nor calendar adjusted data)","Not applicable","3-month interest rates (average)","4.11",""
"2001M06","Sweden","Unadjusted data (i.e. neither seasonally adjusted nor calendar adjusted data)","Not applicable","3-month interest rates (average)","4.34",""
"2001M07","Sweden","Unadjusted data (i.e. neither seasonally adjusted nor calendar adjusted data)","Not applicable","3-month interest rates (average)","4.45",""
"2001M08","Sweden","Unadjusted data (i.e. neither seasonally adjusted nor calendar adjusted data)","Not applicable","3-month interest rates (average)","4.41",""
"2001M09","Sweden","Unadjusted data (i.e. neither seasonally adjusted nor calendar adjusted data)","Not applicable","3-month interest rates (average)","4.16",""
"2001M10","Sweden","Unadjusted data (i.e. neither seasonally adjusted nor calendar adjusted data)","Not applicable","3-month interest rates (average)","3.86",""
"2001M11","Sweden","Unadjusted data (i.e. neither seasonally adjusted nor calendar adjusted data)","Not applicable","3-month interest rates (average)","3.84",""
"2001M12","Sweden","Unadjusted data (i.e. neither seasonally adjusted nor calendar adjusted data)","Not applicable","3-month interest rates (average)","3.89",""
"2002M01","Sweden","Unadjusted data (i.e. neither seasonally adjusted nor calendar adjusted data)","Not applicable","3-month interest rates (average)","3.88",""
"2002M02","Sweden","Unadjusted data (i.e. neither seasonally adjusted nor calendar adjusted data)","Not applicable","3-month interest rates (average)","3.97",""
"2002M03","Sweden","Unadjusted data (i.e. neither seasonally adjusted nor calendar adjusted data)","Not applicable","3-month interest rates (average)","4.22",""
"2002M04","Sweden","Unadjusted data (i.e. neither seasonally adjusted nor calendar adjusted data)","Not applicable","3-month interest rates (average)","4.40",""
"2002M05","Sweden","Unadjusted data (i.e. neither seasonally adjusted nor calendar adjusted data)","Not applicable","3-month interest rates (average)","4.47",""
"2002M06","Sweden","Unadjusted data (i.e. neither seasonally adjusted nor calendar adjusted data)","Not applicable","3-month interest rates (average)","4.48",""
"2002M07","Sweden","Unadjusted data (i.e. neither seasonally adjusted nor calendar adjusted data)","Not applicable","3-month interest rates (average)","4.48",""
"2002M08","Sweden","Unadjusted data (i.e. neither seasonally adjusted nor calendar adjusted data)","Not applicable","3-month interest rates (average)","4.43",""
"2002M09","Sweden","Unadjusted data (i.e. neither seasonally adjusted nor calendar adjusted data)","Not applicable","3-month interest rates (average)","4.42",""
"2002M10","Sweden","Unadjusted data (i.e. neither seasonally adjusted nor calendar adjusted data)","Not applicable","3-month interest rates (average)","4.36",""
"2002M11","Sweden","Unadjusted data (i.e. neither seasonally adjusted nor calendar adjusted data)","Not applicable","3-month interest rates (average)","4.16",""
"2002M12","Sweden","Unadjusted data (i.e. neither seasonally adjusted nor calendar adjusted data)","Not applicable","3-month interest rates (average)","3.92",""
"2003M01","Sweden","Unadjusted data (i.e. neither seasonally adjusted nor calendar adjusted data)","Not applicable","3-month interest rates (average)","3.89",""
"2003M02","Sweden","Unadjusted data (i.e. neither seasonally adjusted nor calendar adjusted data)","Not applicable","3-month interest rates (average)","3.83",""
"2003M03","Sweden","Unadjusted data (i.e. neither seasonally adjusted nor calendar adjusted data)","Not applicable","3-month interest rates (average)","3.64",""
"2003M04","Sweden","Unadjusted data (i.e. neither seasonally adjusted nor calendar adjusted data)","Not applicable","3-month interest rates (average)","3.63",""
"2003M05","Sweden","Unadjusted data (i.e. neither seasonally adjusted nor calendar adjusted data)","Not applicable","3-month interest rates (average)","3.44",""
"2003M06","Sweden","Unadjusted data (i.e. neither seasonally adjusted nor calendar adjusted data)","Not applicable","3-month interest rates (average)","3.04",""
"2003M07","Sweden","Unadjusted data (i.e. neither seasonally adjusted nor calendar adjusted data)","Not applicable","3-month interest rates (average)","2.90",""
"2003M08","Sweden","Unadjusted data (i.e. neither seasonally adjusted nor calendar adjusted data)","Not applicable","3-month interest rates (average)","2.92",""
"2003M09","Sweden","Unadjusted data (i.e. neither seasonally adjusted nor calendar adjusted data)","Not applicable","3-month interest rates (average)","2.92",""
"2003M10","Sweden","Unadjusted data (i.e. neither seasonally adjusted nor calendar adjusted data)","Not applicable","3-month interest rates (average)","2.92",""
"2003M11","Sweden","Unadjusted data (i.e. neither seasonally adjusted nor calendar adjusted data)","Not applicable","3-month interest rates (average)","2.92",""
"2003M12","Sweden","Unadjusted data (i.e. neither seasonally adjusted nor calendar adjusted data)","Not applicable","3-month interest rates (average)","2.90",""
"2004M01","Sweden","Unadjusted data (i.e. neither seasonally adjusted nor calendar adjusted data)","Not applicable","3-month interest rates (average)","2.81",""
"2004M02","Sweden","Unadjusted data (i.e. neither seasonally adjusted nor calendar adjusted data)","Not applicable","3-month interest rates (average)","2.63",""
"2004M03","Sweden","Unadjusted data (i.e. neither seasonally adjusted nor calendar adjusted data)","Not applicable","3-month interest rates (average)","2.46",""
"2004M04","Sweden","Unadjusted data (i.e. neither seasonally adjusted nor calendar adjusted data)","Not applicable","3-month interest rates (average)","2.19",""
"2004M05","Sweden","Unadjusted data (i.e. neither seasonally adjusted nor calendar adjusted data)","Not applicable","3-month interest rates (average)","2.20",""
"2004M06","Sweden","Unadjusted data (i.e. neither seasonally adjusted nor calendar adjusted data)","Not applicable","3-month interest rates (average)","2.20",""
"2004M07","Sweden","Unadjusted data (i.e. neither seasonally adjusted nor calendar adjusted data)","Not applicable","3-month interest rates (average)","2.20",""
"2004M08","Sweden","Unadjusted data (i.e. neither seasonally adjusted nor calendar adjusted data)","Not applicable","3-month interest rates (average)","2.20",""
"2004M09","Sweden","Unadjusted data (i.e. neither seasonally adjusted nor calendar adjusted data)","Not applicable","3-month interest rates (average)","2.20",""
"2004M10","Sweden","Unadjusted data (i.e. neither seasonally adjusted nor calendar adjusted data)","Not applicable","3-month interest rates (average)","2.21",""
"2004M11","Sweden","Unadjusted data (i.e. neither seasonally adjusted nor calendar adjusted data)","Not applicable","3-month interest rates (average)","2.20",""
"2004M12","Sweden","Unadjusted data (i.e. neither seasonally adjusted nor calendar adjusted data)","Not applicable","3-month interest rates (average)","2.18",""
"2005M01","Sweden","Unadjusted data (i.e. neither seasonally adjusted nor calendar adjusted data)","Not applicable","3-month interest rates (average)","2.15",""
"2005M02","Sweden","Unadjusted data (i.e. neither seasonally adjusted nor calendar adjusted data)","Not applicable","3-month interest rates (average)","2.12",""
"2005M03","Sweden","Unadjusted data (i.e. neither seasonally adjusted nor calendar adjusted data)","Not applicable","3-month interest rates (average)","2.11",""
"2005M04","Sweden","Unadjusted data (i.e. neither seasonally adjusted nor calendar adjusted data)","Not applicable","3-month interest rates (average)","2.11",""
"2005M05","Sweden","Unadjusted data (i.e. neither seasonally adjusted nor calendar adjusted data)","Not applicable","3-month interest rates (average)","2.05",""
"2005M06","Sweden","Unadjusted data (i.e. neither seasonally adjusted nor calendar adjusted data)","Not applicable","3-month interest rates (average)","1.82",""
"2005M07","Sweden","Unadjusted data (i.e. neither seasonally adjusted nor calendar adjusted data)","Not applicable","3-month interest rates (average)","1.64",""
"2005M08","Sweden","Unadjusted data (i.e. neither seasonally adjusted nor calendar adjusted data)","Not applicable","3-month interest rates (average)","1.67",""
"2005M09","Sweden","Unadjusted data (i.e. neither seasonally adjusted nor calendar adjusted data)","Not applicable","3-month interest rates (average)","1.67",""
"2005M10","Sweden","Unadjusted data (i.e. neither seasonally adjusted nor calendar adjusted data)","Not applicable","3-month interest rates (average)","1.72",""
"2005M11","Sweden","Unadjusted data (i.e. neither seasonally adjusted nor calendar adjusted data)","Not applicable","3-month interest rates (average)","1.72",""
"2005M12","Sweden","Unadjusted data (i.e. neither seasonally adjusted nor calendar adjusted data)","Not applicable","3-month interest rates (average)","1.89",""
"2006M01","Sweden","Unadjusted data (i.e. neither seasonally adjusted nor calendar adjusted data)","Not applicable","3-month interest rates (average)","2.03",""
"2006M02","Sweden","Unadjusted data (i.e. neither seasonally adjusted nor calendar adjusted data)","Not applicable","3-month interest rates (average)","2.11",""
"2006M03","Sweden","Unadjusted data (i.e. neither seasonally adjusted nor calendar adjusted data)","Not applicable","3-month interest rates (average)","2.23",""
"2006M04","Sweden","Unadjusted data (i.e. neither seasonally adjusted nor calendar adjusted data)","Not applicable","3-month interest rates (average)","2.27",""
"2006M05","Sweden","Unadjusted data (i.e. neither seasonally adjusted nor calendar adjusted data)","Not applicable","3-month interest rates (average)","2.31",""
"2006M06","Sweden","Unadjusted data (i.e. neither seasonally adjusted nor calendar adjusted data)","Not applicable","3-month interest rates (average)","2.47",""
"2006M07","Sweden","Unadjusted data (i.e. neither seasonally adjusted nor calendar adjusted data)","Not applicable","3-month interest rates (average)","2.56",""
"2006M08","Sweden","Unadjusted data (i.e. neither seasonally adjusted nor calendar adjusted data)","Not applicable","3-month interest rates (average)","2.70",""
"2006M09","Sweden","Unadjusted data (i.e. neither seasonally adjusted nor calendar adjusted data)","Not applicable","3-month interest rates (average)","2.83",""
"2006M10","Sweden","Unadjusted data (i.e. neither seasonally adjusted nor calendar adjusted data)","Not applicable","3-month interest rates (average)","2.96",""
"2006M11","Sweden","Unadjusted data (i.e. neither seasonally adjusted nor calendar adjusted data)","Not applicable","3-month interest rates (average)","3.08",""
"2006M12","Sweden","Unadjusted data (i.e. neither seasonally adjusted nor calendar adjusted data)","Not applicable","3-month interest rates (average)","3.21",""
"2007M01","Sweden","Unadjusted data (i.e. neither seasonally adjusted nor calendar adjusted data)","Not applicable","3-month interest rates (average)","3.35",""
"2007M02","Sweden","Unadjusted data (i.e. neither seasonally adjusted nor calendar adjusted data)","Not applicable","3-month interest rates (average)","3.43",""
"2007M03","Sweden","Unadjusted data (i.e. neither seasonally adjusted nor calendar adjusted data)","Not applicable","3-month interest rates (average)","3.43",""
"2007M04","Sweden","Unadjusted data (i.e. neither seasonally adjusted nor calendar adjusted data)","Not applicable","3-month interest rates (average)","3.51",""
"2007M05","Sweden","Unadjusted data (i.e. neither seasonally adjusted nor calendar adjusted data)","Not applicable","3-month interest rates (average)","3.57",""
"2007M06","Sweden","Unadjusted data (i.e. neither seasonally adjusted nor calendar adjusted data)","Not applicable","3-month interest rates (average)","3.67",""
"2007M07","Sweden","Unadjusted data (i.e. neither seasonally adjusted nor calendar adjusted data)","Not applicable","3-month interest rates (average)","3.78",""
"2007M08","Sweden","Unadjusted data (i.e. neither seasonally adjusted nor calendar adjusted data)","Not applicable","3-month interest rates (average)","3.96",""
"2007M09","Sweden","Unadjusted data (i.e. neither seasonally adjusted nor calendar adjusted data)","Not applicable","3-month interest rates (average)","4.22",""
"2007M10","Sweden","Unadjusted data (i.e. neither seasonally adjusted nor calendar adjusted data)","Not applicable","3-month interest rates (average)","4.37",""
"2007M11","Sweden","Unadjusted data (i.e. neither seasonally adjusted nor calendar adjusted data)","Not applicable","3-month interest rates (average)","4.61",""
"2007M12","Sweden","Unadjusted data (i.e. neither seasonally adjusted nor calendar adjusted data)","Not applicable","3-month interest rates (average)","4.75",""
"2008M01","Sweden","Unadjusted data (i.e. neither seasonally adjusted nor calendar adjusted data)","Not applicable","3-month interest rates (average)","4.52",""
"2008M02","Sweden","Unadjusted data (i.e. neither seasonally adjusted nor calendar adjusted data)","Not applicable","3-month interest rates (average)","4.62",""
"2008M03","Sweden","Unadjusted data (i.e. neither seasonally adjusted nor calendar adjusted data)","Not applicable","3-month interest rates (average)","4.83",""
"2008M04","Sweden","Unadjusted data (i.e. neither seasonally adjusted nor calendar adjusted data)","Not applicable","3-month interest rates (average)","4.86",""
"2008M05","Sweden","Unadjusted data (i.e. neither seasonally adjusted nor calendar adjusted data)","Not applicable","3-month interest rates (average)","4.96",""
"2008M06","Sweden","Unadjusted data (i.e. neither seasonally adjusted nor calendar adjusted data)","Not applicable","3-month interest rates (average)","5.02",""
"2008M07","Sweden","Unadjusted data (i.e. neither seasonally adjusted nor calendar adjusted data)","Not applicable","3-month interest rates (average)","5.09",""
"2008M08","Sweden","Unadjusted data (i.e. neither seasonally adjusted nor calendar adjusted data)","Not applicable","3-month interest rates (average)","5.12",""
"2008M09","Sweden","Unadjusted data (i.e. neither seasonally adjusted nor calendar adjusted data)","Not applicable","3-month interest rates (average)","5.33",""
"2008M10","Sweden","Unadjusted data (i.e. neither seasonally adjusted nor calendar adjusted data)","Not applicable","3-month interest rates (average)","5.27",""
"2008M11","Sweden","Unadjusted data (i.e. neither seasonally adjusted nor calendar adjusted data)","Not applicable","3-month interest rates (average)","4.50",""
"2008M12","Sweden","Unadjusted data (i.e. neither seasonally adjusted nor calendar adjusted data)","Not applicable","3-month interest rates (average)","2.80",""
"2009M01","Sweden","Unadjusted data (i.e. neither seasonally adjusted nor calendar adjusted data)","Not applicable","3-month interest rates (average)","2.20",""
"2009M02","Sweden","Unadjusted data (i.e. neither seasonally adjusted nor calendar adjusted data)","Not applicable","3-month interest rates (average)","1.52",""
"2009M03","Sweden","Unadjusted data (i.e. neither seasonally adjusted nor calendar adjusted data)","Not applicable","3-month interest rates (average)","1.16",""
"2009M04","Sweden","Unadjusted data (i.e. neither seasonally adjusted nor calendar adjusted data)","Not applicable","3-month interest rates (average)","1.00",""
"2009M05","Sweden","Unadjusted data (i.e. neither seasonally adjusted nor calendar adjusted data)","Not applicable","3-month interest rates (average)","0.95",""
"2009M06","Sweden","Unadjusted data (i.e. neither seasonally adjusted nor calendar adjusted data)","Not applicable","3-month interest rates (average)","0.97",""
"2009M07","Sweden","Unadjusted data (i.e. neither seasonally adjusted nor calendar adjusted data)","Not applicable","3-month interest rates (average)","0.67",""
"2009M08","Sweden","Unadjusted data (i.e. neither seasonally adjusted nor calendar adjusted data)","Not applicable","3-month interest rates (average)","0.62",""
"2009M09","Sweden","Unadjusted data (i.e. neither seasonally adjusted nor calendar adjusted data)","Not applicable","3-month interest rates (average)","0.55",""
"2009M10","Sweden","Unadjusted data (i.e. neither seasonally adjusted nor calendar adjusted data)","Not applicable","3-month interest rates (average)","0.50",""
"2009M11","Sweden","Unadjusted data (i.e. neither seasonally adjusted nor calendar adjusted data)","Not applicable","3-month interest rates (average)","0.48",""
"2009M12","Sweden","Unadjusted data (i.e. neither seasonally adjusted nor calendar adjusted data)","Not applicable","3-month interest rates (average)","0.48",""
"2010M01","Sweden","Unadjusted data (i.e. neither seasonally adjusted nor calendar adjusted data)","Not applicable","3-month interest rates (average)","0.48",""
"2010M02","Sweden","Unadjusted data (i.e. neither seasonally adjusted nor calendar adjusted data)","Not applicable","3-month interest rates (average)","0.48",""
"2010M03","Sweden","Unadjusted data (i.e. neither seasonally adjusted nor calendar adjusted data)","Not applicable","3-month interest rates (average)","0.49",""
"2010M04","Sweden","Unadjusted data (i.e. neither seasonally adjusted nor calendar adjusted data)","Not applicable","3-month interest rates (average)","0.52",""
"2010M05","Sweden","Unadjusted data (i.e. neither seasonally adjusted nor calendar adjusted data)","Not applicable","3-month interest rates (average)","0.60",""
"2010M06","Sweden","Unadjusted data (i.e. neither seasonally adjusted nor calendar adjusted data)","Not applicable","3-month interest rates (average)","0.70",""
"2010M07","Sweden","Unadjusted data (i.e. neither seasonally adjusted nor calendar adjusted data)","Not applicable","3-month interest rates (average)","0.87",""
"2010M08","Sweden","Unadjusted data (i.e. neither seasonally adjusted nor calendar adjusted data)","Not applicable","3-month interest rates (average)","0.99",""
"2010M09","Sweden","Unadjusted data (i.e. neither seasonally adjusted nor calendar adjusted data)","Not applicable","3-month interest rates (average)","1.16",""
"2010M10","Sweden","Unadjusted data (i.e. neither seasonally adjusted nor calendar adjusted data)","Not applicable","3-month interest rates (average)","1.37",""
"2010M11","Sweden","Unadjusted data (i.e. neither seasonally adjusted nor calendar adjusted data)","Not applicable","3-month interest rates (average)","1.59",""
"2010M12","Sweden","Unadjusted data (i.e. neither seasonally adjusted nor calendar adjusted data)","Not applicable","3-month interest rates (average)","1.85",""
"2011M01","Sweden","Unadjusted data (i.e. neither seasonally adjusted nor calendar adjusted data)","Not applicable","3-month interest rates (average)","2.02",""
"2011M02","Sweden","Unadjusted data (i.e. neither seasonally adjusted nor calendar adjusted data)","Not applicable","3-month interest rates (average)","2.20",""
"2011M03","Sweden","Unadjusted data (i.e. neither seasonally adjusted nor calendar adjusted data)","Not applicable","3-month interest rates (average)","2.38",""
"2011M04","Sweden","Unadjusted data (i.e. neither seasonally adjusted nor calendar adjusted data)","Not applicable","3-month interest rates (average)","2.41",""
"2011M05","Sweden","Unadjusted data (i.e. neither seasonally adjusted nor calendar adjusted data)","Not applicable","3-month interest rates (average)","2.46",""
"2011M06","Sweden","Unadjusted data (i.e. neither seasonally adjusted nor calendar adjusted data)","Not applicable","3-month interest rates (average)","2.46",""
"2011M07","Sweden","Unadjusted data (i.e. neither seasonally adjusted nor calendar adjusted data)","Not applicable","3-month interest rates (average)","2.56",""
"2011M08","Sweden","Unadjusted data (i.e. neither seasonally adjusted nor calendar adjusted data)","Not applicable","3-month interest rates (average)","2.58",""
"2011M09","Sweden","Unadjusted data (i.e. neither seasonally adjusted nor calendar adjusted data)","Not applicable","3-month interest rates (average)","2.53",""
"2011M10","Sweden","Unadjusted data (i.e. neither seasonally adjusted nor calendar adjusted data)","Not applicable","3-month interest rates (average)","2.52",""
"2011M11","Sweden","Unadjusted data (i.e. neither seasonally adjusted nor calendar adjusted data)","Not applicable","3-month interest rates (average)","2.62",""
"2011M12","Sweden","Unadjusted data (i.e. neither seasonally adjusted nor calendar adjusted data)","Not applicable","3-month interest rates (average)","2.69",""
"2012M01","Sweden","Unadjusted data (i.e. neither seasonally adjusted nor calendar adjusted data)","Not applicable","3-month interest rates (average)","2.61",""
"2012M02","Sweden","Unadjusted data (i.e. neither seasonally adjusted nor calendar adjusted data)","Not applicable","3-month interest rates (average)","2.44",""
"2012M03","Sweden","Unadjusted data (i.e. neither seasonally adjusted nor calendar adjusted data)","Not applicable","3-month interest rates (average)","2.30",""
"2012M04","Sweden","Unadjusted data (i.e. neither seasonally adjusted nor calendar adjusted data)","Not applicable","3-month interest rates (average)","2.19",""
"2012M05","Sweden","Unadjusted data (i.e. neither seasonally adjusted nor calendar adjusted data)","Not applicable","3-month interest rates (average)","2.14",""
"2012M06","Sweden","Unadjusted data (i.e. neither seasonally adjusted nor calendar adjusted data)","Not applicable","3-month interest rates (average)","2.14",""
"2012M07","Sweden","Unadjusted data (i.e. neither seasonally adjusted nor calendar adjusted data)","Not applicable","3-month interest rates (average)","2.10",""
"2012M08","Sweden","Unadjusted data (i.e. neither seasonally adjusted nor calendar adjusted data)","Not applicable","3-month interest rates (average)","2.02",""
"2012M09","Sweden","Unadjusted data (i.e. neither seasonally adjusted nor calendar adjusted data)","Not applicable","3-month interest rates (average)","1.69",""
"2012M10","Sweden","Unadjusted data (i.e. neither seasonally adjusted nor calendar adjusted data)","Not applicable","3-month interest rates (average)","1.51",""
"2012M11","Sweden","Unadjusted data (i.e. neither seasonally adjusted nor calendar adjusted data)","Not applicable","3-month interest rates (average)","1.46",""
"2012M12","Sweden","Unadjusted data (i.e. neither seasonally adjusted nor calendar adjusted data)","Not applicable","3-month interest rates (average)","1.37",""
"2013M01","Sweden","Unadjusted data (i.e. neither seasonally adjusted nor calendar adjusted data)","Not applicable","3-month interest rates (average)","1.21",""
"2013M02","Sweden","Unadjusted data (i.e. neither seasonally adjusted nor calendar adjusted data)","Not applicable","3-month interest rates (average)","1.19",""
"2013M03","Sweden","Unadjusted data (i.e. neither seasonally adjusted nor calendar adjusted data)","Not applicable","3-month interest rates (average)","1.25",""
"2013M04","Sweden","Unadjusted data (i.e. neither seasonally adjusted nor calendar adjusted data)","Not applicable","3-month interest rates (average)","1.24",""
"2013M05","Sweden","Unadjusted data (i.e. neither seasonally adjusted nor calendar adjusted data)","Not applicable","3-month interest rates (average)","1.20",""
"2013M06","Sweden","Unadjusted data (i.e. neither seasonally adjusted nor calendar adjusted data)","Not applicable","3-month interest rates (average)","1.22",""
"2013M07","Sweden","Unadjusted data (i.e. neither seasonally adjusted nor calendar adjusted data)","Not applicable","3-month interest rates (average)","1.20",""
"2013M08","Sweden","Unadjusted data (i.e. neither seasonally adjusted nor calendar adjusted data)","Not applicable","3-month interest rates (average)","1.20",""
"2013M09","Sweden","Unadjusted data (i.e. neither seasonally adjusted nor calendar adjusted data)","Not applicable","3-month interest rates (average)","1.21",""
"2013M10","Sweden","Unadjusted data (i.e. neither seasonally adjusted nor calendar adjusted data)","Not applicable","3-month interest rates (average)","1.21",""
"2013M11","Sweden","Unadjusted data (i.e. neither seasonally adjusted nor calendar adjusted data)","Not applicable","3-month interest rates (average)","1.16",""
"2013M12","Sweden","Unadjusted data (i.e. neither seasonally adjusted nor calendar adjusted data)","Not applicable","3-month interest rates (average)","1.01",""
"2014M01","Sweden","Unadjusted data (i.e. neither seasonally adjusted nor calendar adjusted data)","Not applicable","3-month interest rates (average)","0.95",""
"2014M02","Sweden","Unadjusted data (i.e. neither seasonally adjusted nor calendar adjusted data)","Not applicable","3-month interest rates (average)","0.94",""
"2014M03","Sweden","Unadjusted data (i.e. neither seasonally adjusted nor calendar adjusted data)","Not applicable","3-month interest rates (average)","0.93",""
"2014M04","Sweden","Unadjusted data (i.e. neither seasonally adjusted nor calendar adjusted data)","Not applicable","3-month interest rates (average)","0.91",""
"2014M05","Sweden","Unadjusted data (i.e. neither seasonally adjusted nor calendar adjusted data)","Not applicable","3-month interest rates (average)","0.92",""
"2014M06","Sweden","Unadjusted data (i.e. neither seasonally adjusted nor calendar adjusted data)","Not applicable","3-month interest rates (average)","0.85",""
"2014M07","Sweden","Unadjusted data (i.e. neither seasonally adjusted nor calendar adjusted data)","Not applicable","3-month interest rates (average)","0.52",""
"2014M08","Sweden","Unadjusted data (i.e. neither seasonally adjusted nor calendar adjusted data)","Not applicable","3-month interest rates (average)","0.52",""
"2014M09","Sweden","Unadjusted data (i.e. neither seasonally adjusted nor calendar adjusted data)","Not applicable","3-month interest rates (average)","0.48",""
"2014M10","Sweden","Unadjusted data (i.e. neither seasonally adjusted nor calendar adjusted data)","Not applicable","3-month interest rates (average)","0.40",""
"2014M11","Sweden","Unadjusted data (i.e. neither seasonally adjusted nor calendar adjusted data)","Not applicable","3-month interest rates (average)","0.27",""
"2014M12","Sweden","Unadjusted data (i.e. neither seasonally adjusted nor calendar adjusted data)","Not applicable","3-month interest rates (average)","0.27",""
"2015M01","Sweden","Unadjusted data (i.e. neither seasonally adjusted nor calendar adjusted data)","Not applicable","3-month interest rates (average)","0.18",""
"2015M02","Sweden","Unadjusted data (i.e. neither seasonally adjusted nor calendar adjusted data)","Not applicable","3-month interest rates (average)","0.01",""
"2015M03","Sweden","Unadjusted data (i.e. neither seasonally adjusted nor calendar adjusted data)","Not applicable","3-month interest rates (average)","0.00",""
"2015M04","Sweden","Unadjusted data (i.e. neither seasonally adjusted nor calendar adjusted data)","Not applicable","3-month interest rates (average)","-0.14",""
"2015M05","Sweden","Unadjusted data (i.e. neither seasonally adjusted nor calendar adjusted data)","Not applicable","3-month interest rates (average)","-0.21",""
"2015M06","Sweden","Unadjusted data (i.e. neither seasonally adjusted nor calendar adjusted data)","Not applicable","3-month interest rates (average)","-0.23",""
"2015M07","Sweden","Unadjusted data (i.e. neither seasonally adjusted nor calendar adjusted data)","Not applicable","3-month interest rates (average)","-0.25",""
"2015M08","Sweden","Unadjusted data (i.e. neither seasonally adjusted nor calendar adjusted data)","Not applicable","3-month interest rates (average)","-0.27",""
"2015M09","Sweden","Unadjusted data (i.e. neither seasonally adjusted nor calendar adjusted data)","Not applicable","3-month interest rates (average)","-0.29",""
"2015M10","Sweden","Unadjusted data (i.e. neither seasonally adjusted nor calendar adjusted data)","Not applicable","3-month interest rates (average)","-0.30",""
"2015M11","Sweden","Unadjusted data (i.e. neither seasonally adjusted nor calendar adjusted data)","Not applicable","3-month interest rates (average)","-0.37",""
"2015M12","Sweden","Unadjusted data (i.e. neither seasonally adjusted nor calendar adjusted data)","Not applicable","3-month interest rates (average)","-0.40",""
"2016M01","Sweden","Unadjusted data (i.e. neither seasonally adjusted nor calendar adjusted data)","Not applicable","3-month interest rates (average)","-0.30",""
"2016M02","Sweden","Unadjusted data (i.e. neither seasonally adjusted nor calendar adjusted data)","Not applicable","3-month interest rates (average)","-0.42",""
"2016M03","Sweden","Unadjusted data (i.e. neither seasonally adjusted nor calendar adjusted data)","Not applicable","3-month interest rates (average)","-0.47",""
"2016M04","Sweden","Unadjusted data (i.e. neither seasonally adjusted nor calendar adjusted data)","Not applicable","3-month interest rates (average)","-0.43",""
"2016M05","Sweden","Unadjusted data (i.e. neither seasonally adjusted nor calendar adjusted data)","Not applicable","3-month interest rates (average)","-0.46",""
"2016M06","Sweden","Unadjusted data (i.e. neither seasonally adjusted nor calendar adjusted data)","Not applicable","3-month interest rates (average)","-0.48",""
"2016M07","Sweden","Unadjusted data (i.e. neither seasonally adjusted nor calendar adjusted data)","Not applicable","3-month interest rates (average)","-0.55",""
"2016M08","Sweden","Unadjusted data (i.e. neither seasonally adjusted nor calendar adjusted data)","Not applicable","3-month interest rates (average)","-0.56",""
"2016M09","Sweden","Unadjusted data (i.e. neither seasonally adjusted nor calendar adjusted data)","Not applicable","3-month interest rates (average)","-0.50",""
"2016M10","Sweden","Unadjusted data (i.e. neither seasonally adjusted nor calendar adjusted data)","Not applicable","3-month interest rates (average)","-0.52",""
"2016M11","Sweden","Unadjusted data (i.e. neither seasonally adjusted nor calendar adjusted data)","Not applicable","3-month interest rates (average)","-0.57",""
"2016M12","Sweden","Unadjusted data (i.e. neither seasonally adjusted nor calendar adjusted data)","Not applicable","3-month interest rates (average)","-0.61",""
"2017M01","Sweden","Unadjusted data (i.e. neither seasonally adjusted nor calendar adjusted data)","Not applicable","3-month interest rates (average)","-0.57",""
"2017M02","Sweden","Unadjusted data (i.e. neither seasonally adjusted nor calendar adjusted data)","Not applicable","3-month interest rates (average)","-0.51",""
"2017M03","Sweden","Unadjusted data (i.e. neither seasonally adjusted nor calendar adjusted data)","Not applicable","3-month interest rates (average)","-0.49",""
"2017M04","Sweden","Unadjusted data (i.e. neither seasonally adjusted nor calendar adjusted data)","Not applicable","3-month interest rates (average)","-0.46",""
"2017M05","Sweden","Unadjusted data (i.e. neither seasonally adjusted nor calendar adjusted data)","Not applicable","3-month interest rates (average)","-0.48",""
"2017M06","Sweden","Unadjusted data (i.e. neither seasonally adjusted nor calendar adjusted data)","Not applicable","3-month interest rates (average)","-0.51",""
"2017M07","Sweden","Unadjusted data (i.e. neither seasonally adjusted nor calendar adjusted data)","Not applicable","3-month interest rates (average)","-0.47",""
"2017M08","Sweden","Unadjusted data (i.e. neither seasonally adjusted nor calendar adjusted data)","Not applicable","3-month interest rates (average)","-0.43",""
"2017M09","Sweden","Unadjusted data (i.e. neither seasonally adjusted nor calendar adjusted data)","Not applicable","3-month interest rates (average)","-0.42",""
"2017M10","Sweden","Unadjusted data (i.e. neither seasonally adjusted nor calendar adjusted data)","Not applicable","3-month interest rates (average)","-0.51",""
"2017M11","Sweden","Unadjusted data (i.e. neither seasonally adjusted nor calendar adjusted data)","Not applicable","3-month interest rates (average)","-0.61",""
"2017M12","Sweden","Unadjusted data (i.e. neither seasonally adjusted nor calendar adjusted data)","Not applicable","3-month interest rates (average)","-0.58",""
"2018M01","Sweden","Unadjusted data (i.e. neither seasonally adjusted nor calendar adjusted data)","Not applicable","3-month interest rates (average)","-0.43",""
"2018M02","Sweden","Unadjusted data (i.e. neither seasonally adjusted nor calendar adjusted data)","Not applicable","3-month interest rates (average)","-0.46",""
"2018M03","Sweden","Unadjusted data (i.e. neither seasonally adjusted nor calendar adjusted data)","Not applicable","3-month interest rates (average)","-0.42",""
"2018M04","Sweden","Unadjusted data (i.e. neither seasonally adjusted nor calendar adjusted data)","Not applicable","3-month interest rates (average)","-0.37",""
"2018M05","Sweden","Unadjusted data (i.e. neither seasonally adjusted nor calendar adjusted data)","Not applicable","3-month interest rates (average)","-0.38",""
"2018M06","Sweden","Unadjusted data (i.e. neither seasonally adjusted nor calendar adjusted data)","Not applicable","3-month interest rates (average)","-0.37",""
"2018M07","Sweden","Unadjusted data (i.e. neither seasonally adjusted nor calendar adjusted data)","Not applicable","3-month interest rates (average)","-0.35",""
"2018M08","Sweden","Unadjusted data (i.e. neither seasonally adjusted nor calendar adjusted data)","Not applicable","3-month interest rates (average)","-0.36",""
"2018M09","Sweden","Unadjusted data (i.e. neither seasonally adjusted nor calendar adjusted data)","Not applicable","3-month interest rates (average)","-0.39",""
"2018M10","Sweden","Unadjusted data (i.e. neither seasonally adjusted nor calendar adjusted data)","Not applicable","3-month interest rates (average)","-0.48",""
"2018M11","Sweden","Unadjusted data (i.e. neither seasonally adjusted nor calendar adjusted data)","Not applicable","3-month interest rates (average)","-0.45",""
"2018M12","Sweden","Unadjusted data (i.e. neither seasonally adjusted nor calendar adjusted data)","Not applicable","3-month interest rates (average)","-0.25",""
"2019M01","Sweden","Unadjusted data (i.e. neither seasonally adjusted nor calendar adjusted data)","Not applicable","3-month interest rates (average)","-0.09",""
"2019M02","Sweden","Unadjusted data (i.e. neither seasonally adjusted nor calendar adjusted data)","Not applicable","3-month interest rates (average)","-0.07",""
"2019M03","Sweden","Unadjusted data (i.e. neither seasonally adjusted nor calendar adjusted data)","Not applicable","3-month interest rates (average)","-0.04",""
"2019M04","Sweden","Unadjusted data (i.e. neither seasonally adjusted nor calendar adjusted data)","Not applicable","3-month interest rates (average)","-0.01",""
"2019M05","Sweden","Unadjusted data (i.e. neither seasonally adjusted nor calendar adjusted data)","Not applicable","3-month interest rates (average)","-0.03",""
"2019M06","Sweden","Unadjusted data (i.e. neither seasonally adjusted nor calendar adjusted data)","Not applicable","3-month interest rates (average)","-0.02",""
"2019M07","Sweden","Unadjusted data (i.e. neither seasonally adjusted nor calendar adjusted data)","Not applicable","3-month interest rates (average)","-0.05",""
"2019M08","Sweden","Unadjusted data (i.e. neither seasonally adjusted nor calendar adjusted data)","Not applicable","3-month interest rates (average)","-0.02",""
"2019M09","Sweden","Unadjusted data (i.e. neither seasonally adjusted nor calendar adjusted data)","Not applicable","3-month interest rates (average)","-0.02",""
"2019M10","Sweden","Unadjusted data (i.e. neither seasonally adjusted nor calendar adjusted data)","Not applicable","3-month interest rates (average)","-0.07",""
"2019M11","Sweden","Unadjusted data (i.e. neither seasonally adjusted nor calendar adjusted data)","Not applicable","3-month interest rates (average)","0.05",""
"2019M12","Sweden","Unadjusted data (i.e. neither seasonally adjusted nor calendar adjusted data)","Not applicable","3-month interest rates (average)","0.06",""
